id,name,username,email,nohp,picture,role,kodeinstansi,password,remember_token,email_verified_at,created_at,updated_at
1,M Reza Perdana,admin,admin@gmail.com,,,1,001,$2y$10$HJrMp.r9WKDoYNFIn738c.mFYNaSslfFj3arjJ8A/4f/whYa3N5BG,,,,
2,Elkanah Namasuro,default,Elkanah@gmail.com,,,2,002,$2y$10$WQxzCMzLUzZdQQlxasD3jusMPuz7w3cYjVpOeDaSn4jy6vWGIwjya,,,,
3,user1,user1,user1@gmail.com,,,2,001,$2y$10$WQxzCMzLUzZdQQlxasD3jusMPuz7w3cYjVpOeDaSn4jy6vWGIwjya,,,,
4,user2,user2,user2@gmail.com,,,2,002,$2y$10$WQxzCMzLUzZdQQlxasD3jusMPuz7w3cYjVpOeDaSn4jy6vWGIwjya,,,,
5,user3,user3,user3@gmail.com,,,2,003,$2y$10$WQxzCMzLUzZdQQlxasD3jusMPuz7w3cYjVpOeDaSn4jy6vWGIwjya,,,,
6,user4,user4,user4@gmail.com,,,2,004,$2y$10$WQxzCMzLUzZdQQlxasD3jusMPuz7w3cYjVpOeDaSn4jy6vWGIwjya,,,,
7,user5,user5,user5@gmail.com,,,2,005,$2y$10$WQxzCMzLUzZdQQlxasD3jusMPuz7w3cYjVpOeDaSn4jy6vWGIwjya,,,,
8,user6,user6,user6@gmail.com,,,2,006,$2y$10$WQxzCMzLUzZdQQlxasD3jusMPuz7w3cYjVpOeDaSn4jy6vWGIwjya,,,,
9,user7,user7,user7@gmail.com,,,2,007,$2y$10$WQxzCMzLUzZdQQlxasD3jusMPuz7w3cYjVpOeDaSn4jy6vWGIwjya,,,,
10,user8,user8,user8@gmail.com,,,2,008,$2y$10$WQxzCMzLUzZdQQlxasD3jusMPuz7w3cYjVpOeDaSn4jy6vWGIwjya,,,,
11,user9,user9,user9@gmail.com,,,2,009,$2y$10$WQxzCMzLUzZdQQlxasD3jusMPuz7w3cYjVpOeDaSn4jy6vWGIwjya,,,,
12,user10,user10,user10@gmail.com,,,2,010,$2y$10$WQxzCMzLUzZdQQlxasD3jusMPuz7w3cYjVpOeDaSn4jy6vWGIwjya,,,,
13,user11,user11,user11@gmail.com,,,2,011,$2y$10$WQxzCMzLUzZdQQlxasD3jusMPuz7w3cYjVpOeDaSn4jy6vWGIwjya,,,,
14,user12,user12,user12@gmail.com,,,2,012,$2y$10$WQxzCMzLUzZdQQlxasD3jusMPuz7w3cYjVpOeDaSn4jy6vWGIwjya,,,,
15,user13,user13,user13@gmail.com,,,2,013,$2y$10$WQxzCMzLUzZdQQlxasD3jusMPuz7w3cYjVpOeDaSn4jy6vWGIwjya,,,,
16,user14,user14,user14@gmail.com,,,2,014,$2y$10$WQxzCMzLUzZdQQlxasD3jusMPuz7w3cYjVpOeDaSn4jy6vWGIwjya,,,,
17,user15,user15,user15@gmail.com,,,2,015,$2y$10$WQxzCMzLUzZdQQlxasD3jusMPuz7w3cYjVpOeDaSn4jy6vWGIwjya,,,,
18,user16,user16,user16@gmail.com,,,2,016,$2y$10$WQxzCMzLUzZdQQlxasD3jusMPuz7w3cYjVpOeDaSn4jy6vWGIwjya,,,,
19,user17,user17,user17@gmail.com,,,2,017,$2y$10$WQxzCMzLUzZdQQlxasD3jusMPuz7w3cYjVpOeDaSn4jy6vWGIwjya,,,,
20,user18,user18,user18@gmail.com,,,2,018,$2y$10$WQxzCMzLUzZdQQlxasD3jusMPuz7w3cYjVpOeDaSn4jy6vWGIwjya,,,,
21,user19,user19,user19@gmail.com,,,2,019,$2y$10$WQxzCMzLUzZdQQlxasD3jusMPuz7w3cYjVpOeDaSn4jy6vWGIwjya,,,,
22,user20,user20,user20@gmail.com,,,2,020,$2y$10$WQxzCMzLUzZdQQlxasD3jusMPuz7w3cYjVpOeDaSn4jy6vWGIwjya,,,,
23,user21,user21,user21@gmail.com,,,2,021,$2y$10$WQxzCMzLUzZdQQlxasD3jusMPuz7w3cYjVpOeDaSn4jy6vWGIwjya,,,,
24,user22,user22,user22@gmail.com,,,2,022,$2y$10$WQxzCMzLUzZdQQlxasD3jusMPuz7w3cYjVpOeDaSn4jy6vWGIwjya,,,,
25,user23,user23,user23@gmail.com,,,2,023,$2y$10$WQxzCMzLUzZdQQlxasD3jusMPuz7w3cYjVpOeDaSn4jy6vWGIwjya,,,,
26,user24,user24,user24@gmail.com,,,2,024,$2y$10$WQxzCMzLUzZdQQlxasD3jusMPuz7w3cYjVpOeDaSn4jy6vWGIwjya,,,,
27,user25,user25,user25@gmail.com,,,2,025,$2y$10$WQxzCMzLUzZdQQlxasD3jusMPuz7w3cYjVpOeDaSn4jy6vWGIwjya,,,,
28,user26,user26,user26@gmail.com,,,2,026,$2y$10$WQxzCMzLUzZdQQlxasD3jusMPuz7w3cYjVpOeDaSn4jy6vWGIwjya,,,,
29,user27,user27,user27@gmail.com,,,2,027,$2y$10$WQxzCMzLUzZdQQlxasD3jusMPuz7w3cYjVpOeDaSn4jy6vWGIwjya,,,,
30,user28,user28,user28@gmail.com,,,2,028,$2y$10$WQxzCMzLUzZdQQlxasD3jusMPuz7w3cYjVpOeDaSn4jy6vWGIwjya,,,,
31,user29,user29,user29@gmail.com,,,2,029,$2y$10$WQxzCMzLUzZdQQlxasD3jusMPuz7w3cYjVpOeDaSn4jy6vWGIwjya,,,,
32,user30,user30,user30@gmail.com,,,2,030,$2y$10$WQxzCMzLUzZdQQlxasD3jusMPuz7w3cYjVpOeDaSn4jy6vWGIwjya,,,,
33,user31,user31,user31@gmail.com,,,2,031,$2y$10$WQxzCMzLUzZdQQlxasD3jusMPuz7w3cYjVpOeDaSn4jy6vWGIwjya,,,,
34,user32,user32,user32@gmail.com,,,2,032,$2y$10$WQxzCMzLUzZdQQlxasD3jusMPuz7w3cYjVpOeDaSn4jy6vWGIwjya,,,,
35,user33,user33,user33@gmail.com,,,2,033,$2y$10$WQxzCMzLUzZdQQlxasD3jusMPuz7w3cYjVpOeDaSn4jy6vWGIwjya,,,,
36,user34,user34,user34@gmail.com,,,2,034,$2y$10$WQxzCMzLUzZdQQlxasD3jusMPuz7w3cYjVpOeDaSn4jy6vWGIwjya,,,,
37,user35,user35,user35@gmail.com,,,2,035,$2y$10$WQxzCMzLUzZdQQlxasD3jusMPuz7w3cYjVpOeDaSn4jy6vWGIwjya,,,,
38,user36,user36,user36@gmail.com,,,2,036,$2y$10$WQxzCMzLUzZdQQlxasD3jusMPuz7w3cYjVpOeDaSn4jy6vWGIwjya,,,,
39,user37,user37,user37@gmail.com,,,2,037,$2y$10$WQxzCMzLUzZdQQlxasD3jusMPuz7w3cYjVpOeDaSn4jy6vWGIwjya,,,,
40,user38,user38,user38@gmail.com,,,2,038,$2y$10$WQxzCMzLUzZdQQlxasD3jusMPuz7w3cYjVpOeDaSn4jy6vWGIwjya,,,,
41,user39,user39,user39@gmail.com,,,2,039,$2y$10$WQxzCMzLUzZdQQlxasD3jusMPuz7w3cYjVpOeDaSn4jy6vWGIwjya,,,,
42,user40,user40,user40@gmail.com,,,2,040,$2y$10$WQxzCMzLUzZdQQlxasD3jusMPuz7w3cYjVpOeDaSn4jy6vWGIwjya,,,,
43,user41,user41,user41@gmail.com,,,2,041,$2y$10$WQxzCMzLUzZdQQlxasD3jusMPuz7w3cYjVpOeDaSn4jy6vWGIwjya,,,,
44,user42,user42,user42@gmail.com,,,2,042,$2y$10$WQxzCMzLUzZdQQlxasD3jusMPuz7w3cYjVpOeDaSn4jy6vWGIwjya,,,,
45,user43,user43,user43@gmail.com,,,2,043,$2y$10$WQxzCMzLUzZdQQlxasD3jusMPuz7w3cYjVpOeDaSn4jy6vWGIwjya,,,,
46,user44,user44,user44@gmail.com,,,2,044,$2y$10$WQxzCMzLUzZdQQlxasD3jusMPuz7w3cYjVpOeDaSn4jy6vWGIwjya,,,,
47,user45,user45,user45@gmail.com,,,2,045,$2y$10$WQxzCMzLUzZdQQlxasD3jusMPuz7w3cYjVpOeDaSn4jy6vWGIwjya,,,,
48,user46,user46,user46@gmail.com,,,2,046,$2y$10$WQxzCMzLUzZdQQlxasD3jusMPuz7w3cYjVpOeDaSn4jy6vWGIwjya,,,,
49,user47,user47,user47@gmail.com,,,2,047,$2y$10$WQxzCMzLUzZdQQlxasD3jusMPuz7w3cYjVpOeDaSn4jy6vWGIwjya,,,,
50,user48,user48,user48@gmail.com,,,2,048,$2y$10$WQxzCMzLUzZdQQlxasD3jusMPuz7w3cYjVpOeDaSn4jy6vWGIwjya,,,,
51,user49,user49,user49@gmail.com,,,2,049,$2y$10$WQxzCMzLUzZdQQlxasD3jusMPuz7w3cYjVpOeDaSn4jy6vWGIwjya,,,,
52,user50,user50,user50@gmail.com,,,2,050,$2y$10$WQxzCMzLUzZdQQlxasD3jusMPuz7w3cYjVpOeDaSn4jy6vWGIwjya,,,,
